model,auc,logloss
LightGBM_tabular,0.625115633106195,0.1673760762164764
TFIDF_title_abstract_LR,0.5968987014892807,0.6132769562686999
TFIDF_title_LR,0.5797114290280481,0.6079276183665314
